{
  "Version": 1,
  "WorkspaceRootPath": "C:\\Users\\wiili\\source\\repos\\estudo macairo\\",
  "Documents": [
    {
      "AbsoluteMoniker": "D:0:0:{8FEE3561-DD3D-4745-9B4B-5E94DB8E5516}|estudo macairo\\estudo macairo.csproj|c:\\users\\wiili\\source\\repos\\estudo macairo\\estudo macairo\\form1.cs||{A6C744A8-0E4A-4FC6-886A-064283054674}",
      "RelativeMoniker": "D:0:0:{8FEE3561-DD3D-4745-9B4B-5E94DB8E5516}|estudo macairo\\estudo macairo.csproj|solutionrelative:estudo macairo\\form1.cs||{A6C744A8-0E4A-4FC6-886A-064283054674}"
    },
    {
      "AbsoluteMoniker": "D:0:0:{8FEE3561-DD3D-4745-9B4B-5E94DB8E5516}|estudo macairo\\estudo macairo.csproj|c:\\users\\wiili\\source\\repos\\estudo macairo\\estudo macairo\\form1.cs||{A6C744A8-0E4A-4FC6-886A-064283054674}|Form",
      "RelativeMoniker": "D:0:0:{8FEE3561-DD3D-4745-9B4B-5E94DB8E5516}|estudo macairo\\estudo macairo.csproj|solutionrelative:estudo macairo\\form1.cs||{A6C744A8-0E4A-4FC6-886A-064283054674}|Form"
    },
    {
      "AbsoluteMoniker": "D:0:0:{8FEE3561-DD3D-4745-9B4B-5E94DB8E5516}|estudo macairo\\estudo macairo.csproj|c:\\users\\wiili\\source\\repos\\estudo macairo\\estudo macairo\\class1.cs||{A6C744A8-0E4A-4FC6-886A-064283054674}",
      "RelativeMoniker": "D:0:0:{8FEE3561-DD3D-4745-9B4B-5E94DB8E5516}|estudo macairo\\estudo macairo.csproj|solutionrelative:estudo macairo\\class1.cs||{A6C744A8-0E4A-4FC6-886A-064283054674}"
    }
  ],
  "DocumentGroupContainers": [
    {
      "Orientation": 1,
      "VerticalTabListWidth": 256,
      "DocumentGroups": [
        {
          "DockedHeight": 200,
          "SelectedChildIndex": 1,
          "Children": [
            {
              "$type": "Document",
              "DocumentIndex": 2,
              "Title": "Class1.cs",
              "DocumentMoniker": "C:\\Users\\wiili\\source\\repos\\estudo macairo\\estudo macairo\\Class1.cs",
              "RelativeDocumentMoniker": "estudo macairo\\Class1.cs",
              "ToolTip": "C:\\Users\\wiili\\source\\repos\\estudo macairo\\estudo macairo\\Class1.cs",
              "RelativeToolTip": "estudo macairo\\Class1.cs",
              "ViewState": "AgIAAAAAAAAAAAAAAAAAAA4AAAAoAAAAAAAAAA==",
              "Icon": "ae27a6b0-e345-4288-96df-5eaf394ee369.000738|",
              "WhenOpened": "2025-07-09T15:37:33.864Z",
              "EditorCaption": ""
            },
            {
              "$type": "Document",
              "DocumentIndex": 0,
              "Title": "Form1.cs",
              "DocumentMoniker": "C:\\Users\\wiili\\source\\repos\\estudo macairo\\estudo macairo\\Form1.cs",
              "RelativeDocumentMoniker": "estudo macairo\\Form1.cs",
              "ToolTip": "C:\\Users\\wiili\\source\\repos\\estudo macairo\\estudo macairo\\Form1.cs",
              "RelativeToolTip": "estudo macairo\\Form1.cs",
              "ViewState": "AgIAAAAAAAAAAAAAAAAAAEMAAAAAAAAAAAAAAA==",
              "Icon": "ae27a6b0-e345-4288-96df-5eaf394ee369.000738|",
              "WhenOpened": "2025-07-09T15:27:34.516Z",
              "EditorCaption": ""
            },
            {
              "$type": "Document",
              "DocumentIndex": 1,
              "Title": "Form1.cs [Projeto]",
              "DocumentMoniker": "C:\\Users\\wiili\\source\\repos\\estudo macairo\\estudo macairo\\Form1.cs",
              "RelativeDocumentMoniker": "estudo macairo\\Form1.cs",
              "ToolTip": "C:\\Users\\wiili\\source\\repos\\estudo macairo\\estudo macairo\\Form1.cs [Projeto]",
              "RelativeToolTip": "estudo macairo\\Form1.cs [Projeto]",
              "Icon": "ae27a6b0-e345-4288-96df-5eaf394ee369.000738|",
              "WhenOpened": "2025-06-29T18:51:47.568Z",
              "EditorCaption": " [Projeto]"
            }
          ]
        }
      ]
    }
  ]
}